{"access_token": "ya29.GlxmBginphyvc4xYmyPFcuk-UJ7gkRqHVCJy56skTkw1XGYccG5KVZDGESIYT7NhiGlX0CnW_LwLoRPKq3ChpAP6HZmt_2kO5oAnDRac6QFmu8aQhE7QNhOyFxslsg", "client_id": "5158616104-scom8jetbg8urosiljelib3i40i0umb8.apps.googleusercontent.com", "client_secret": "QZN4dNRh_68rdKr8PZXRY8jE", "refresh_token": "1/AL7QCtuL02C16OTqhOgplxHafAYlx68kj8ldZu6lRZ-AbeW-LT9VzojTlpglYkgP", "token_expiry": "2018-12-02T23:56:02Z", "token_uri": "https://www.googleapis.com/oauth2/v3/token", "user_agent": null, "revoke_uri": "https://oauth2.googleapis.com/revoke", "id_token": null, "id_token_jwt": null, "token_response": {"access_token": "ya29.GlxmBginphyvc4xYmyPFcuk-UJ7gkRqHVCJy56skTkw1XGYccG5KVZDGESIYT7NhiGlX0CnW_LwLoRPKq3ChpAP6HZmt_2kO5oAnDRac6QFmu8aQhE7QNhOyFxslsg", "expires_in": 3600, "scope": "https://www.googleapis.com/auth/spreadsheets", "token_type": "Bearer"}, "scopes": ["https://www.googleapis.com/auth/spreadsheets"], "token_info_uri": "https://oauth2.googleapis.com/tokeninfo", "invalid": false, "_class": "OAuth2Credentials", "_module": "oauth2client.client"}